1.254827821,35795.80078
1.255191237,19255.69922
1.255554863,24741.10156
1.255918777,35713.73828
1.25628298,19214.74414
1.256647395,24684.47656
1.257012098,30150.20117
1.257377014,8218.753906
1.257742219,32848.19531
1.258107636,30086.30273
1.258473344,43740.5
1.258839265,43712.01172
1.259205476,10917.33594
1.259571979,21820.47266
1.259938695,2726.229492
1.260305625,29969.04492
1.260672846,27222.48242
1.26104036,21760.33203
1.261408089,24464.50781
1.261776031,54339.16016
1.262144267,32577.11914
1.262512797,35263.34766
1.262881542,21686.49609
1.26325058,27090.61133
1.263619835,37902.375
1.263989384,32461.55859
1.264359149,18920.65625
1.26472921,35115.73047
1.265099487,13499.53027
1.26547006,21581.88281
1.26584085,29651.25
1.266211936,43101.39063
1.266583319,26921.07813
1.26695492,13451.90527
1.267326739,53732.2417
1.267698855,41630.07104
1.268071269,29527.90039
1.268443902,29513.73438
1.268816754,34852
1.269189905,29466.60938
1.269563354,32124.875
1.269937024,34774.20313
1.270310993,45444.97656
1.270685182,42744.5
1.271059671,26694.05859
1.271434381,24009.37305
1.271809391,31992.14844
1.272184623,42622.33203
1.272560156,31946.46094
1.272935911,58522.07813
1.273311968,45192.94531
1.273688247,45164.32031
1.274064828,47775.65234
1.274441712,50397.96094
1.274818819,60969.5
1.275196149,39737.60156
1.275573783,37059.17188
1.27595172,76704.91406
1.276329882,31724.95898
1.276708268,31699.98242
1.277086958,39593.80859
1.277465954,47482.6875
1.277845175,26358.54883
1.278224701,34239.21484
1.278604453,39488.19141
1.27898443,42087.71484
1.279364795,63082.12109
1.279745305,31521.30859
1.280126203,49877.5
1.280507247,31476.95313
1.28088868,34073.39453
1.281270259,52387.87109
1.281652227,54964.35938
1.282034423,41851.48828
1.282416847,52273.61328
1.28279958,36568.74219
1.283182542,65260.67969
1.283565814,44342.76563
1.283949314,36489.20703
1.284333125,39065.23438
1.284717247,46841.92578
1.285101599,33809.30078
1.28548618,33793.58594
1.285871074,57136.03125
1.286256279,44116.42188
1.286641715,33720.44141
1.287027383,51837.52734
1.287413363,69926.64844
1.287799656,62109.08203
1.288186181,51717.68359
1.28857302,54270.10547
1.288960092,28409.69531
1.289347396,54194.97656
1.289735097,54153.32422
1.290122949,38657.17969
1.290511116,41202.67969
1.290899599,64339.68359
1.291288316,43717.45313
1.291677349,35975.03906
1.292066617,56497.58984
1.292456202,53888.27344
1.292846021,66667.82813
1.293236159,53805.97656
1.293626531,35848.75391
1.294017222,40938.76172
1.294408232,53691.18359
1.294799395,58768.80469
1.29519096,61277.30859
1.295582762,53576.875
1.295974801,66292.95313
1.29636716,35674.51953
1.296759757,61109.90625
1.297152674,48334.66406
1.297545913,50847.75391
1.297939307,58439.49219
1.298333105,71079.14063
1.298727143,68499.14063
1.29912142,73528.67969
1.299516019,63329.36719
1.299910942,35437.69141
1.300306104,45535.26563
1.300701507,53084.45703
1.301097234,40414.85156
1.301493285,68159.01563
1.301889577,65585.26563
1.302286111,73097.84375
1.30268297,80599.14844
1.303080154,50344.23438
1.303477581,47798.33594
1.30387525,60322.57422
1.304273245,70323.65625
1.304671568,72780.74219
1.305070134,65202.93359
1.305469027,52632.4375
1.305868164,82658.72656
1.306267545,67569.33594
1.306667339,67518.97656
1.307067294,74976.38281
1.307467577,72412.45313
1.30786819,62387.38672
1.308269049,67328.30469
1.308670237,74753.67188
1.309071672,69728.67188
1.309473438,74642.8125
1.30987545,64652.08594
1.310277709,59643.48828
1.3106803,64556.40234
1.311083223,76914.17969
1.311486394,74378.07813
1.311889897,61935.97266
1.312293649,79219.55469
1.312697735,69266.00781
1.313102069,79114.48438
1.313506737,76585.73438
1.313911655,44436.41797
1.314316908,81406.86719
1.314722411,83812.125
1.315128249,86213.85156
1.315534337,73843.38281
1.315940762,71329.60938
1.316347438,44247.60156
1.316754366,56497.21484
1.317161716,83444.3125
1.317569232,46596.56641
1.317977172,90687.65625
1.318385279,61230.71484
1.318793811,90542.14844
1.319202509,63577.84766
1.319611633,65984.67969
1.320020924,70831.16406
1.320430556,58567.73438
1.320840527,75584.03125
1.321250754,85274.84375
1.321661321,94965.375
1.322072143,63264.33984
1.322483307,75375.89844
1.322894727,102048.2344
1.323306489,67973.09375
1.323718507,94608.35938
1.324130869,72733.59375
1.324543487,87217.29688
1.324956449,89562.39844
1.325369669,70146.95313
1.325783233,103951.0469
1.326197055,91784.36719
1.326611222,62754.65625
1.327025648,82016.58594
1.32744042,84356.0625
1.327855451,113196.8359
1.328270829,79421.625
1.328686466,88984.66406
1.329102364,86517.65625
1.329518696,100865.0234
1.329935202,69595.08594
1.330352056,88717.59375
1.330769259,81466.0625
1.331186724,90998.32031
1.331604537,88527.80469
1.332022614,71717.9375
1.33244104,78844.78906
1.332859729,76401.15625
1.333278769,93047.70313
1.333698072,81060.86719
1.334117639,85768.21875
1.334537558,59510.55469
1.33495783,73730.32031
1.335378366,83196.73438
1.335799254,87888.57031
1.336220409,66463.21875
1.336641828,90123.57813
1.33706369,109019.9063
1.33748573,82891.38281
1.337908125,66256.99219
1.338330875,78033.5625
1.338753892,115802.7344
1.339177176,110997.9063
1.339600817,82576.64844
1.340024814,122599.1016
1.34044908,84828.61719
1.340873614,87123.78906
1.341298506,91743.04688
1.341723756,96380.25
1.342149276,65783.78906
1.342575065,107982.6406
1.343001214,68018.90625
1.343427722,70315.24219
1.343854501,79646.09375
1.344281551,93635.92188
1.344708962,86540.77344
1.345136645,81794.47656
1.345564689,74731.47656
1.345993095,95683.10938
1.346421684,76949.00781
1.346850725,95536.92188
1.347280039,81499.3125
1.347709628,116346.8516
1.348139579,109290.25
1.348569806,137061.1719
1.349000396,113751.7031
1.349431262,106728.2422
1.349862492,78820.69531
1.350293998,76439.0625
1.35072587,76386.32813
1.351158019,85586.24219
1.351590534,104005.3359
1.352023326,97004.82813
1.352456485,108478.3516
1.352889922,99164.29688
1.353323726,112908.0625
1.35375781,99028.17969
1.354192171,96658.85938
1.354626902,91967.74219
1.355062003,85011.91406
1.355497383,71167.71875
1.355933133,94060.69531
1.356369164,80251.82031
1.356805475,84768.125
1.357242158,73242.96094
1.357679213,89204.00781
1.358116549,114301.7813
1.358554167,105071.7422
1.358992158,102703.6719
1.359430432,109461.2422
1.359869079,129896.9453
1.360308101,97912.63281
1.360747406,79642.28125
1.361186995,127341.2969
1.361626959,95428.36719
1.362067208,81740.39844
1.362507833,122511.1094
1.362948744,129212.4453
1.363390031,97410.25
1.363831604,92816.875
1.364273555,97265.78125
1.364715792,92666.82813
1.365158408,99380.38281
1.365601311,72228.02344
1.366044502,108254.6563
1.366488072,83379.04688
1.366932022,83323.08594
1.367376261,101257.3359
1.367820881,94430.85938
1.36826579,94367.625
1.368710989,89801.77344
1.36915657,96459.46094
1.369602533,94153.27344
1.370048787,105291.6484
1.370495332,111922.7188
1.37094226,123016.5156
1.371389481,91629.92969
1.371837085,91568.9375
1.372284982,100435.6406
1.372733264,129347.1406
1.37318184,104732.2578
1.373630801,113555.1484
1.374080056,97891.19531
1.374529698,113389.6094
1.374979634,119964.2031
1.375429959,91011.625
1.375880578,97606.4375
1.376331586,95312.5
1.376782889,95249.57813
1.377234489,104027.5938
1.377686479,110565.5469
1.378138858,99443.45313
1.378591535,77294.00781
1.37904451,90472.95313
1.379497876,103631.1172
1.37995154,101359.5938
1.380405596,105669.3828
1.380860045,101186.8281
1.3813147,87930.89844
1.381769842,96660.66406
1.38222519,103170.1094
1.382681026,107461.9063
1.383137069,100816.7109
1.383593507,85408.09375
1.384050341,120368.7578
1.384507477,139937.6875
1.384965009,93947.16406
1.385422843,89530.89063
1.385880981,109084.6328
1.386339516,87188.33594
1.386798449,106736.375
1.387257686,117551.5313
1.387717228,110934.5313
1.388177169,93460.32813
1.388637415,102074.9688
1.389098061,125867.0938
1.389559013,108421.9688
1.390020366,104004.4375
1.390482025,125574.7266
1.390944087,112511.6406
1.391406455,92966.53125
1.391869227,108003.1953
1.392332306,73394.92188
1.392795694,105693.4375
1.393259486,99133.19531
1.393723682,118452.7422
1.394188188,81787.58594
1.394653004,88165.32031
1.395118225,88097.57031
1.395583757,96618.21094
1.396049696,105125.7813
1.396515946,115778.8672
1.396982603,122101.8047
1.397449572,119867.8359
1.39791695,130470.4453
1.398384641,102586.7969
1.398852741,102508.4453
1.399321155,108832.1094
1.399789882,102365.1172
1.40025902,91620.5625
1.400728569,97938.0625
1.401198433,138285.4531
1.401668613,110544.25
1.402139205,110474.2578
1.402610113,95518.05469
1.403081434,112399.5
1.403553072,120806.125
1.404025125,101654.4297
1.404497495,107912.4766
1.40497028,101487.8828
1.405443384,114101.9766
1.405916806,118238.625
1.406390645,116025.0078
1.406864901,111721.6328
1.407339476,94786.53125
1.407814372,113658.2188
1.408289686,132501.5156
1.408765322,134503.5469
1.409241376,115487.7188
1.409717752,107008.2578
1.410194549,125797.6719
1.410671668,87992.39063
1.41114911,157031.2188
1.411626973,127607.25
1.412105258,102414.7969
1.412583868,129489.2813
1.413062802,112696.8125
1.413542159,108428.4375
1.41402194,129199.7734
1.414501948,116609.6719
1.414982479,128991.4922
1.415463239,128879.6172
1.415944522,114243.7656
1.416426035,124552.4609
1.416907973,114074.2813
1.417390339,107772.1094
1.417873033,120118.3203
1.418356056,107612.5859
1.418839508,121978.5234
1.419323388,113624.7813
1.419807499,150718.2813
1.420292139,136165.2969
1.420777011,115434.8281
1.421262413,125633.4609
1.421748047,104973.3828
1.422234112,146014.0156
1.42272061,115067.25
1.423207441,129355.6016
1.423694604,125157.1719
1.424182202,129150.125
1.424670233,145443.5156
1.425158499,114632.0234
1.4256473,126805.7266
1.426136337,96056.66406
1.426625809,114366.8984
1.427115717,73458.98438
1.427605962,122327.4922
1.428096644,110014.5313
1.428587664,148615.0625
1.429079022,115957.4766
1.429570818,105696.0547
1.430062953,125915.4297
1.430555527,133957.9375
1.431048441,121676.8984
1.431541796,121574.0313
1.432035491,139708.8906
1.432529627,143637.0781
1.433024105,117252.5
1.433518924,143412.2656
1.434014187,139271.8906
1.434509791,137154.4531
1.43500584,157173.0469
1.435502333,116788.1094
1.435999069,138837.5938
1.43649625,114595.7266
1.436993877,118517.2109
1.437491849,150531.3125
1.437990268,126355.6016
1.438489032,136302.3594
1.438988143,86119.17188
1.439487702,126054.2188
1.439987609,121965.2188
1.440487965,133866.0781
1.440988668,133754.5781
1.441489822,123669.8828
1.441991325,123581.7266
1.442493177,119510.0234
1.442995481,109446.9063
1.443498237,157075.1406
1.444001344,133120.9688
1.444504801,127055
1.445008713,142835.4688
1.445512976,112997.9063
1.446017592,132712.3281
1.446522765,112811.2891
1.447028189,122605.7734
1.44753407,132399.7031
1.448040304,140188.5781
1.448546995,130193.5625
1.449054145,128130.5391
1.449561547,139859.375
1.450069407,159426.8594
1.450577727,114063.8281
1.451086404,153270.4219
1.451595541,119767.1328
1.452105035,117721.0781
1.452614888,121545.6172
1.453125202,125363.9063
1.453635875,119403.8203
1.454147012,144732.3438
1.454658508,130934.5938
1.455170364,128875.2656
1.455682788,136574.6094
1.45619547,157907.7969
1.456708617,142212.8125
1.457222126,136257.7031
1.457736102,173101.3438
1.45825044,136036.7344
1.458765246,133984.7188
1.459280416,120294.6016
1.459796055,151215.9531
1.460311953,154985.8281
1.460828427,139358.5156
1.461345265,129591.1328
1.46186247,131419.2656
1.462380146,131313.3906
1.462898189,108065.8047
1.463416599,150364.5625
1.463935587,136760.3125
1.464454838,148232.4375
1.464974564,123107.2969
1.465494658,134525.2188
1.466015227,122895.9375
1.466536167,132391.1094
1.467057583,149539.8125
1.46757937,153269.0781
1.468101528,134003.3281
1.468624163,152989.5469
1.469147278,156689.2656
1.469670765,158509.8438
1.470194625,120218.9063
1.470718859,146783.9531
1.47124368,133349.0469
1.47176877,144680.4063
1.47229434,131235.4531
1.472820287,136832.75
1.473346716,140506.3281
1.473873628,149898.2188
1.474400811,127028.3047
1.474928477,106077.0156
1.475456629,143847.9688
1.475985159,141843.2188
1.476514068,149290.3906
1.477043464,160484.2813
1.477573347,160376
1.478103502,194206.9219
1.478634146,165756.7031
1.479165279,129866.2656
1.479696793,159872.5781
1.480228689,172883.5
1.480761076,176483.7031
1.481293954,174469.5469
1.481827108,151855.4531
1.482360754,164831.4219
1.482894892,127256.0703
1.483429416,155223.375
1.483964325,162577.1719
1.484499728,158680.6875
1.485035627,145499.5313
1.485571803,130503.9609
1.486108476,147135.8906
1.486645646,104206.3125
1.487183204,148767.1563
1.487721151,154226.2656
1.488259596,163372.25
1.488798541,150243.7188
1.489337766,159412.2813
1.489877492,187051.4219
1.490417718,151729.5313
1.490958336,162724.0156
1.491499347,147800.6094
1.49204086,162437.5625
1.492582766,151245.7969
1.493125176,140071.2344
1.49366798,180459.5781
1.494211289,152704.125
1.494754993,169151.1094
1.495299093,152486.7344
1.4958437,146846.5313
1.496388703,174227.75
1.496934214,142925.1719
1.497480123,161143.3125
1.49802643,159173.1563
1.498573247,166346.3281
1.499120463,169872.7344
1.499668189,125924.9297
1.500216316,149536.0625
1.500764954,145762.0781
1.501313994,176602.2813
1.501863435,165552.6563
1.502413391,147232.3438
1.502963749,174346.4688
1.503514621,146993.4531
1.504065898,159558.5156
1.50461769,150362.7031
1.505169888,157490.0469
1.505722491,162780.2344
1.506275611,157235.5625
1.506829138,133639.8281
1.507383073,142546.7969
1.507937526,156846.9531
1.508492499,140500.625
1.509047882,174593.9219
1.509603673,142073.1094
1.510159986,174294.7344
1.510716709,174164.1719
1.511273843,166839.2969
1.5118315,157734.5156
1.512389682,166572.125
1.512948164,178956.9688
1.513507283,151983.7344
1.514066703,171524.25
1.51462665,187425.0156
1.515187124,172997.7656
1.515748013,183581.5625
1.516309317,176302.3438
1.516871038,181471.4844
1.517433401,176003.4375
1.517996068,163437.5156
1.518559266,150874.25
1.519122882,166690.4531
1.51968703,191354.875
1.520251598,148721.625
1.520816699,176900.2031
1.52138222,174983.6094
1.521948162,171322.2344
1.522514639,176472.2344
1.523081538,148096.4844
1.523648974,174395.6719
1.524216833,177788.1406
1.524785115,149513.875
1.525353935,191568.875
1.52592318,165050.5781
1.526492965,175438.8438
1.527063176,154257.125
1.527633927,189137.7188
1.528205106,173249.6563
1.528776711,188861.7188
1.52934886,183462.5781
1.529921437,181564.0469
1.530494443,174435.5938
1.531067994,179500.7031
1.53164209,177610.375
1.532216501,194861.375
1.532791575,186027.1563
1.533366964,182398.8125
1.533942902,182210.1406
1.534519389,163020.2969
1.535096192,180213.8438
1.535673662,157540.6719
1.536251451,192006.5
1.53682979,188372.125
1.537408682,186509.4531
1.537987893,208787.7344
1.538567774,162065.3906
1.539147976,199831.2969
1.539728732,177272.5938
1.540310044,184005.9531
1.540891794,201037.9219
1.541473984,195722.7344
1.542056732,183535.6406
1.54263992,178262.2031
1.543223549,205519.1875
1.543807738,179664.2188
1.544392369,186356.5156
1.54497756,191310.1406
1.545563195,170673.6094
1.546149392,175668.7188
1.546735916,206179.4844
1.547323121,180455.0938
1.547910654,210927.1875
1.548498869,166565.4063
1.549087414,203792.4844
1.549676524,188355.5156
1.550266083,188184.2188
1.550856208,201563.7188
1.551446783,209884.4688
1.552037808,187728.9219
1.552629403,201056.2656
1.553221567,180636.1563
1.553814064,175448.0156
1.554407132,193810.125
1.555000772,176797.2344
1.555594866,174990.5156
1.556189414,189981.5
1.556784536,174692.6719
1.557380113,201407.1563
1.557976146,206256.625
1.558572756,209422.0156
1.559169941,232691.375
1.559767465,183997.3906
1.560365567,185503.6406
1.560964248,195355.7188
1.561563389,190195.1719
1.562162989,188376.9219
1.56276305,201533.125
1.563363813,186376.5313
1.563964918,191217.0313
1.564566605,212664.25
1.565168756,200855.1563
1.565771491,203993.4375
1.56637469,203832.2344
1.566978354,187094.1875
1.567582605,186928.1563
1.568187322,188433.75
1.568792627,191569.75
1.569398399,196369.5
1.57000464,192898.4219
1.57061147,204258.6875
1.57121877,181037.25
1.571826661,177588.875
1.572435022,177467.125
1.573043855,196992.75
1.573653281,173857.1563
1.57426318,181933.4688
1.574873551,191599.25
1.575484519,197975.7344
1.57609596,179820.1094
1.576707999,207428.5781
1.577320513,187646.3594
1.577933626,208675.8906
1.578547216,215050.7344
1.579161283,172558.2031
1.579775828,203310.9063
1.580390974,196595.3125
1.581006723,193177.4219
1.581622951,201157.875
1.582239661,205845.4688
1.582856851,194330.6875
1.583474647,197379.0156
1.584093048,213393
1.584711809,172827.7813
1.585331302,192025.4531
1.585951154,195121.4063
1.586571616,222342.8281
1.587192563,188327.1875
1.587814121,183339.9688
1.588436166,167113.3438
1.589058698,191051.5469
1.589681843,189301.1563
1.590305476,206750.1719
1.590929724,198565.8906
1.591554462,208015.0781
1.592179691,204619.6875
1.592805537,198055.4844
1.593431874,183505.7813
1.594058829,191320.5313
1.594686278,189582.0625
1.595314221,197379.0156
1.595942785,206753.0625
1.596571843,185919.1406
1.597201398,206381.3438
1.597831575,229998.7031
1.59846225,177503.1406
1.599093548,188419.0938
1.599725346,159798.0781
1.600357642,191278.9219
1.600990565,191098.8594
1.601623989,187781.1094
1.602257915,178162.3281
1.602892468,198491
1.603527525,225081.3281
1.604163212,176122.2344
1.604799403,180687.375
1.605436098,213502.5156
1.606073426,199187.2969
1.606711261,224072.2813
1.607349729,184743.5156
1.607988705,198685.7969
1.608628189,206315.6875
1.60926831,184262.0469
1.60990894,184124.9531
1.61055008,173041.3438
1.611191859,168208.25
1.61183415,199209.9844
1.612476953,186586.2813
1.613120397,189502.8594
1.613764483,183153.9844
1.614408955,226425.7344
1.615054071,227745.0156
1.615699831,210527.9063
1.616346107,188699.2188
1.616992901,205542.5313
1.617640213,172945.0781
1.618288172,177414.2344
1.61893665,200370.9844
1.619585777,212506.2656
1.620235425,192311.0469
1.620885724,175259.1094
1.621536416,204300.4688
1.622187759,204076.25
1.622839756,193176.3906
1.623492277,197631.3438
1.624145323,189780.5938
1.624799025,191136.7188
1.625453253,209314.1406
1.626108008,184700.5
1.626763422,210477.7969
1.627419363,196572.2813
1.628075965,199456.875
1.628732965,191670.0781
1.629390758,191479.0938
1.630048952,214099.6875
1.630707808,209354.8906
1.631367328,204637.1719
1.632027251,190839.5
1.632687839,231503.7969
1.633349093,190461.2344
1.634010883,200879.5156
1.63467321,190169.9531
1.635336074,209602.1094
1.635999607,201844.7656
1.636663811,201681.7969
1.637328423,186480.3438
1.637993706,198298.0469
1.638659663,177107.8438
1.639326161,188979.9063
1.639993202,203814.3281
1.640660786,205111.4219
1.641329046,228861.8125
1.641997851,200262.5156
1.642667334,194094.3438
1.643337363,225267.6094
1.644007939,214633.8906
1.644679195,199533.7656
1.645351,238059.1094
1.646023354,200684.4063
1.646696391,201991.9844
1.647369979,191425.875
1.648044252,186792.3594
1.648719077,202920.3281
1.649394455,210159.2031
1.650070386,217367.4219
1.650747006,189088.9844
1.651424315,188939.2656
1.652102046,199096.7031
1.652780467,190047.5
1.653459581,185448.6563
1.654139253,205891.5
1.654819484,208668.1875
1.655500275,206999.25
1.656181761,195083.9063
1.656863809,202241.0781
1.657546553,190334.0625
1.658229861,209184.9219
1.658913732,198754.4688
1.659598303,197121.3438
1.66028344,205721.1406
1.660969142,215727.8906
1.661655547,211153.2188
1.662342519,210988.4063
1.66303006,200611.375
1.663718306,222205.1563
1.664407122,214757.6563
1.665096644,171062.9531
1.665786739,208574.5625
1.666477406,208412.625
1.667168645,187971.9063
1.667860595,206555.4844
1.668553257,199178.9219
1.669246358,201891.8906
1.669940171,226154.625
1.670634699,195753.375
1.671329668,168275.5469
1.672025352,201131.2031
1.672721754,205247.8281
1.673418736,220866.0625
1.674116299,197749.8906
1.674814444,223333.5313
1.67551331,200239.5781
1.676212759,211483.5156
1.676912931,178450.6406
1.677613688,202547.5781
1.678315031,193840.9063
1.67901696,205051.7031
1.679719616,196291.2969
1.680422999,204652.1875
1.681126832,201656.0625
1.681831395,195760.1875
1.682536688,202681.5781
1.683242433,186948.5469
1.683948909,175425.8125
1.684656119,173849.8438
1.685363923,193474.625
1.686072322,179201.5469
1.686781317,173396.9844
1.687491049,166180.7656
1.688201378,177298.4375
1.688912446,188381.6719
1.689624113,193826.3594
1.69033638,171210.4063
1.691049248,186475.8281
1.691762858,191891.6875
1.692477071,194514.3906
1.693192028,187345.5781
1.693907589,174617.1563
1.694623756,191205.2813
1.69534067,188226.0625
1.696058191,174138.6719
1.696776319,185099.1094
1.697495198,177978.0938
1.698214686,195891.6406
1.698934784,167938.7031
1.699655635,167786.0313
1.700377098,181502.625
1.701099174,193780.2344
1.701822006,185307.2031
1.702545453,158888.2344
1.703269658,158731.375
1.703994336,168241.0313
1.704719917,190133.5156
1.705445974,177573.0938
1.706172792,163660.0313
1.70690023,203376.8438
1.707628289,185330.5156
1.708357112,168691.0469
1.709086559,171265.9844
1.709816772,179325.6563
1.710547609,176443.9063
1.711279072,169439.2188
1.71201116,151539.6719
1.712744019,181397.4219
1.713477651,162144.7813
1.714211767,166097.5625
1.714946656,165949.4375
1.715682177,161698.2813
1.716418473,164256.2656
1.717155402,170905.4219
1.717892963,143649.8281
1.718631304,158416.125
1.719370135,170423.1875
1.720109892,163515.3594
1.72085014,182287.6563
1.721591172,173989.9375
1.722332988,191354.5938
1.723075297,184453.7813
1.723818393,160064.8438
1.72456213,162611.5938
1.725306656,166483.25
1.726051825,178409.6719
1.726797637,168857.6719
1.727544242,184747.5156
1.728291492,160509.125
1.729039389,151013.6563
1.729788081,185582.7656
1.730537422,169412.9375
1.731287412,161242.5
1.7320382,187715.2344
1.73278964,166282.2656
1.733541732,156808.8281
1.734294625,157987.5469
1.735048172,172441.3438
1.735802375,164326.6094
1.736557382,161535.8125
1.737312897,146820.4844
1.738069368,173110.8438
1.738826349,158450.0156
1.739584138,142448.0625
1.740342737,177892.25
1.741101849,150090.4531
1.741861773,124947.9063
1.74262251,153750.625
1.743383762,160170.625
1.744145829,166578.5625
1.744908563,146766.2344
1.745672115,159708.2031
1.746436334,155647.3594
1.747201223,142434.5
1.747966933,160566.2656
1.748733315,159112.2813
1.749500368,140733.1563
1.750268095,144507.7188
1.751036647,130045.8594
1.751806025,148125.9844
1.752575928,144094.0156
1.75334666,158214.4531
1.75411807,142520.1719
1.754890311,157909.2969
1.755663232,157775.4063
1.756436834,135675.2656
1.757211118,141993.8281
1.757986237,135404.125
1.75876204,137845.5156
1.759538681,141569.0156
1.760316008,132448.3281
1.761094022,146458.5781
1.761872724,151446.7188
1.762652268,141049.6563
1.763432502,110165.7344
1.76421358,145899.9688
1.764995198,147045.1875
1.765777661,139224.7031
1.766560973,127622.2109
1.767344825,127496.1328
1.768129682,166855.0938
1.768915082,141252.3438
1.769701334,130942.8828
1.770488286,153698
1.771275937,152266.375
1.772064444,138172.7656
1.772853654,155778.4844
1.773643567,145514.7344
1.774434184,145383.1563
1.775225662,130065.7266
1.776018001,126163.4531
1.776810892,126049.7031
1.777604647,133482.3125
1.778399112,122029.8438
1.779194443,144533.6563
1.779990486,111756.0234
1.780787241,120428.6484
1.78158471,117805.2031
1.78238305,136471.3906
1.783182105,113824.3984
1.783982034,113722.6563
1.784782525,142338.5156
1.785583891,119730.3516
1.786386134,138314.8438
1.787188941,139436.6406
1.787992627,124358.5781
1.788797194,130460.4688
1.789602327,129093.7031
1.790408344,132670.3281
1.791215245,107784.5078
1.792022715,149774.4688
1.792831072,122416.3047
1.793640159,98820.29688
1.794450134,106130.2344
1.795260842,125764.3906
1.796072282,119485.3125
1.796884457,124284.7891
1.797697525,126615.8594
1.798511329,132655.3438
1.799325871,94481.50781
1.80014131,115223.0781
1.800957489,129818.5938
1.801774408,130899.9609
1.802592228,103887.4766
1.803410791,113565.8438
1.804230098,111010.4453
1.80505031,142582.5781
1.805871269,120532.9766
1.806692974,113129.4297
1.807515427,108153.8594
1.808338791,117756.1484
1.809162905,132190
1.809987932,118738.1484
1.81081355,108935.1016
1.811640245,116080.1953
1.812467533,118396.1406
1.81329574,90524.54688
1.814124541,110931.7109
1.814954425,102388.2344
1.815784905,102292.7578
1.816616309,99785.66406
1.817448475,105690.8125
1.818281566,88787.38281
1.819115421,93499.77344
1.819950041,99401.02344
1.820785428,94509.41406
1.821621745,117122.6094
1.82245883,100305.0625
1.823296686,100205.2188
1.824135476,112014.9375
1.824975038,88100.625
1.825815373,95142.64063
1.826656647,109313.3047
1.827498532,90219.23438
1.828341522,99610.27344
1.829185126,101881.1328
1.830029674,99413.52344
1.830875001,106424.4063
1.83172111,99224.53906
1.832568167,80239.88281
1.833416008,76629.82813
1.834264633,74193.78125
1.83511421,94128.42969
1.835964409,108141.5156
1.836815728,85717.85938
1.83766767,90332.53906
1.83852057,84378.28906
1.839374262,96003.60938
1.840228747,94740.27344
1.841084192,80625.98438
1.841940434,60702.42188
1.842797473,67635.96094
1.843655476,66409.8125
1.844514112,75656.92969
1.845373715,66271.75
1.846234288,77822.86719
1.847095664,82389.14844
1.847957844,82309.44531
1.848820829,91488.92188
1.849684789,62472.05078
1.850549557,85533.17188
1.851415133,71593.875
1.85228152,72673.58594
1.853148888,81823.21094
1.854017067,75982.72656
1.854886231,83955.08594
1.85575604,74682.85156
1.856626834,61976.30859
1.857498616,89441.78906
1.858371048,80191.53906
1.859244469,62938.87891
1.860118712,76592.63281
1.860993948,59392.41797
1.861869837,79875.20313
1.862746722,64966.12109
1.863624604,77429.80469
1.864503143,79631.48438
1.865382682,85232.75781
1.866263051,55625.11719
1.867144423,80517.9375
1.868026628,56649.16406
1.868909667,69046.70313
1.869793541,76892.27344
1.870678424,72291.24219
1.871564145,48524.94141
1.872450705,57498.69141
1.873338105,66446.64844
1.87422652,72005.21875
1.875115778,60693.35156
1.876006054,66246.53906
1.876897001,45989.55859
1.877788969,64984.54297
1.878681959,72764.32813
1.879575625,62630.76563
1.880470315,62559.86719
1.881365858,65849.90625
1.882262254,68014.23438
1.883159679,59027.64453
1.88405796,54522.05859
1.884957099,62248.99609
1.885857271,54406.58984
1.886758304,54356.22656
1.887660198,60955.66797
1.888562954,49816.875
1.889466751,56399.57813
1.890371412,48613.59766
1.891276941,66221.49219
1.892183513,40799.01172
1.893090779,51771.33203
1.893999268,40710.71484
1.894908453,49464.37109
1.895818689,47216.46094
1.896729799,48270.28906
1.897641785,54798.85156
1.898554649,45982.97266
1.899468569,56871.91797
1.900383369,54631.11719
1.901299051,42565.14453
1.902215794,52333.40234
1.903133421,64268
1.904051934,44611.57422
1.904971513,39133.06641
1.905891802,36923.125
1.906813159,40134.28516
1.907735586,44430.03906
1.908658728,42221.8125
1.909582942,41096.76953
1.910508052,46453.33594
1.911434239,46408.51172
1.912361144,53914.82813
1.913289128,48464.16406
1.914218195,49490.3125
1.915147983,50520.83203
1.916078856,47244.64063
1.917010634,30034.01563
1.917943318,47148.08203
1.918877092,31043.14844
1.919811776,45982.55469
1.920747371,42728.17188
1.921684059,38418.66016
1.92262148,50106.69922
1.923559998,44725.04297
1.924499615,54257.32422
1.925439968,51013.96094
1.926381423,47774.14063
1.9273238,29697.94141
1.928267098,36023.07031
1.929211504,34926.07422
1.930156835,46521.14453
1.931103093,38022.01953
1.932050463,30599.95313
1.93299858,45326.73438
1.933947811,37902.71484
1.934898159,38916.49219
1.935849258,40981.55078
1.936801476,41987.65234
1.937754632,44037.44141
1.938708911,38758.55469
1.939663946,42905.80469
1.940620107,41812.375
1.941577211,34458.71094
1.942535446,33381.26563
1.943494441,46895.75391
1.94445457,36431.47656
1.945415834,31196.01367
1.946377862,34281.61719
1.947341029,35283.3125
1.94830515,32138.27539
1.949270226,23818.0332
1.950236445,20689.62305
1.951203623,40302.51953
1.952171761,36133.32031
1.95314086,29907.75
1.95411111,35025.50391
1.955082324,39107.73047
1.956054504,29814.28125
1.957027651,28754.48633
1.958001956,28724.5957
1.958977231,40995.03125
1.959953479,41971.19141
1.960930889,28631.80664
1.961909275,29627.28516
1.962888637,26534.92383
1.963868978,33644.14844
1.964850298,30552.17188
1.96583279,29501.53125
1.966816265,40649.86719
1.967800915,30456.03711
1.96878636,17240.68555
1.969772984,19248.05859
1.970760598,17202.21094
1.971749393,22240.22461
1.97273899,24238.69336
1.973729772,35307.71094
1.974721551,40305.625
1.975714518,34226.89063
1.976708292,37211.18359
1.977703259,33146.62891
1.978699421,31106.08203
1.979696394,42103.43359
1.980694565,36047.73438
1.981693744,27008.39648
1.982693931,30978.24219
1.983695128,21959.70703
1.98469753,26921.71875
1.985700947,24900.87891
1.986705572,14924.57813
1.987711021,28825.12305
1.988717682,32766.06055
1.989725363,20828.94141
1.990734066,21796.3125
1.991743987,31670.0625
1.992754934,12853.07324
1.993766908,29629.50977
1.994779909,29599.88672
1.995793941,15768.98633
1.996809201,28549.42188
1.997825493,12783.76465
1.998843018,19647.75195
1.999861383,26498.08984
2.000880983,18625.01367
2.001901623,25458.59766
2.002923503,35213.375
2.003946228,18565.35352
2.004970197,39044.01953
2.005995212,26330.20508
2.007021276,23377.44922
2.008048589,26266.08008
2.009076954,30129.40039
2.010106373,38840.64453
2.011136847,30063.21875
2.012168577,19373.22852
2.013201367,20323.11523
2.014235218,15468.21777
2.015270131,28003.87109
2.016306308,20257.67773
2.017343551,18309.42578
2.018381862,28876.44727
2.019421242,20192.66016
2.020461894,27853.17578
2.021503619,16309.05078
2.022546419,18211.09961
2.023590296,13403.39063
2.024635452,7651.22168
2.025681487,20063.86914
2.026728805,20038.76367
2.027777409,27644.27539
2.028826896,17140.98633
2.029877673,28535.91602
2.030929539,32304.07422
2.031982699,18033.89453
2.033036748,31286.625
2.034092095,26516.25977
2.035148538,23653.86914
2.036206079,17956.6875
2.037264924,16990.54102
2.038324871,20742.87695
2.039385921,26373.3457
2.040448077,20703.31836
2.04151134,20680.11914
2.042575916,18776.96289
2.043641604,25320.56055
2.044708404,23418.7832
2.045776524,34628.86328
2.046845555,10283.59375
2.04791591,24274.21289
2.048987592,14923.0293
2.050060189,21430.41016
2.051134117,16753.01758
2.05220917,21382.9082
2.053285351,27859.87305
2.054362662,31539.60742
2.055441311,19458.82813
2.056521094,14811.04883
2.057602012,23116.75391
2.058684066,11082.60449
2.059767468,23065.9043
2.060851802,25805.42969
2.061937488,14728.16113
2.063024527,26668.45313
2.064112504,20209.08594
2.065201839,22019.75195
2.066292324,21079.20703
2.067383961,21971.68945
2.068476963,26520.18164
2.06957091,27404.79492
2.070666227,27374.98438
2.071762914,13672.62012
2.072860552,31864.69336
2.073959566,15460.35742
2.075059746,27253.4375
2.076161093,14519.44238
2.077263611,29007.50586
2.078367512,19921.13281
2.079472375,13567.94434
2.080578626,18970.57617
2.081686268,20754.94727
2.082794876,27042.57813
2.08390488,14407.22754
2.085016067,18889.20898
2.08612844,19765.38281
2.087242215,18846.77148
2.088356965,19723.13477
2.089473122,21490.88281
2.090590472,21465.67773
2.091709233,15188.66113
2.092828977,28560.00195
2.093950136,28526.61523
2.095072497,14246.6543
2.096196062,16010.49121
2.097321049,23987.75781
2.098447244,19524.90234
2.099574649,20390.82422
2.100703267,18596.08984
2.101833098,24766.0293
2.102964363,7951.287109
2.104096847,25593.85938
2.10523055,27330.19922
2.106365477,18492.62695
2.107501846,21989.64063
2.108639223,18450.01758
2.109778048,29837.08203
2.110918322,23669.39258
2.112059611,22766.57617
2.113202354,17492.66602
2.114346334,17472.62695
2.115491553,20945.33789
2.116638014,15691.04688
2.117785939,26119.17383
2.118935109,15655.25586
2.120085528,12162.43945
2.121237196,21696.17188
2.122390116,13002.90625
2.123544512,24242.0293
2.124700165,20755.31836
2.125857076,16412.68164
2.127015247,22434.04688
2.128174904,20684.94727
2.129335827,18080.75195
2.130498017,14620.29297
2.131661476,16321.91992
2.132826206,18017.875
2.133992434,13711.07617
2.135159938,21401.69336
2.136328721,22232.80469
2.137498783,17935.32617
2.138670354,22180.80078
2.139843209,23008.16992
2.141017351,14470.45508
2.142192783,15306.12695
2.143369505,16136.83789
2.144547748,9330.099609
2.145727287,17794.01758
2.146908124,16927.875
2.148090262,32124.06641
2.149273929,16888.68164
2.150458902,17713.50195
2.151644954,22747.05469
2.152832771,18512.32617
2.154021672,21854.08984
2.155212116,19313.11133
2.156403648,20967.32617
2.157596726,17589.69141
2.158791355,20919.22266
2.159987078,14208.06348
2.161184357,20032.49609
2.162382963,24181.87109
2.1635829,19157.77734
2.164784169,13311.28906
2.165986773,23267.06445
2.167190944,16599.59961
2.168396456,9948.932617
2.169603309,19874.29297
2.170811739,12406.73633
2.172021283,11567.0752
2.173232408,14854.39648
2.174444885,18958.23828
2.175658716,18935.91016
2.176874135,21382.72656
2.17809068,10678.7998
2.179308819,10665.22266
2.180528322,14752.80371
2.18174919,18008.33008
2.18297166,13081.65039
2.184195266,14701.09473
2.18542048,16313.90137
2.18664707,10591.67676
2.187875272,22788.49609
2.189104619,17884.42383
2.190335585,20297.63867
2.191567936,20274.0918
2.192801674,19442.45313
2.194036802,18608.98828
2.19527356,21011.92773
2.196511475,13724.02441
2.197751024,13706.87598
2.198991974,16910.89258
2.200234564,25741.79688
2.201478321,16873.63672
2.202723723,16852.65234
2.203970536,25650.7832
2.20521876,20817.39063
2.206468399,14394.17969
2.207719696,23161.91797
2.208972412,19946.28125
2.210226551,21517.42578
2.211482114,13532.58105
2.212739105,11924.66992
2.213997767,9527.998047
2.215257862,19829.34961
2.216519392,18222.32617
2.217782359,12660.85547
2.219046767,13435.68262
2.22031286,20523.55469
2.221580398,11828.26855
2.222849142,16539.36328
2.224119822,22812.23047
2.225391712,14929.14453
2.226665302,16480.56641
2.227940106,10974.72266
2.229216615,14091.92188
2.230494832,15638.71777
2.231774271,14841.56348
2.233055179,12483.04785
2.234337804,12466.81445
2.235621903,24905.86914
2.236907478,13992.67383
2.23819478,24845.93359
2.239483317,17061.05078
2.240773586,20913.42773
2.242065343,17795.42383
2.24335859,23185.75977
2.244653329,22384.0293
2.245949813,16959.14063
2.247247795,16940.46094
2.248547029,10766.45703
2.249848264,20739.16406
2.251150757,17648.91992
2.252454759,13794.53125
2.253760523,16838.44727
2.255067801,20642.76563
2.256376597,13745.55664
2.257686913,15252.01465
2.258999003,22091.32227
2.260312367,20545.39258
2.261627511,15198.12988
2.262944187,22011.36719
2.264262396,13646.17676
2.265582395,15144.625
2.266903681,19663.16406
2.268226762,12841.63281
2.269551389,18862.67383
2.270877563,16576.78711
2.272205543,15053.58105
2.273534822,17291.44922
2.274865912,18019.02734
2.276198561,22497.60742
2.277532773,10487.63281
2.27886855,20199.0918
2.28020615,16437.99609
2.281545066,18659.5957
2.282885811,17890.92578
2.284228133,22335.86914
2.285572035,26026.17578
2.286917776,23023.18359
2.288265103,16320.24902
2.289613761,20004.62891
2.290964267,19239.92578
2.292316368,12564.43457
2.293670324,14026.53809
2.295025622,16222.69434
2.296382781,16936.26953
2.297741547,14710.4043
2.299101922,13958.97266
2.300463908,19810.41016
2.30182777,19786.18164
2.303192989,16102.37988
2.30456009,14621.94141
2.305928815,16794.74023
2.307299166,22604.90625
2.30867141,16752.45117
2.310045024,16006.0166
2.311420536,24702.29297
2.312797688,19592.76953
2.314176482,21020.44727
2.31555692,21719.01563
2.316939007,10846.40332
2.318323009,9388.077148
2.319708665,24521.76758
2.321095979,12246.14258
2.322484953,22304.38672
2.323875591,19401.44141
2.325268161,13637.67871
2.326662134,11470.62012
2.328058047,20046.17383
2.329455635,22880.62109
2.33085517,21425.01563
2.33225612,24966.0957
2.333659024,15672.9834
2.335063347,19212.18164
2.336469631,18478.67578
2.337877609,24131.70898
2.339287555,14885.9873
2.340698932,15576.41602
2.342112284,22629.86523
2.343527073,22603.1875
2.344943844,21160.19922
2.346362599,16906.83594
2.347782801,28147.33008
2.349204723,24597.96289
2.35062864,18248.31055
2.352054285,14019.56738
2.35348166,21704.9375
2.354910768,17483.55078
2.356341614,24444.36523
2.357774472,18134.51563
2.359209074,18811.66211
2.360645149,25051.00781
2.362083248,13896.47656
2.363523375,14574.39941
2.364964984,18716.83398
2.366408628,15924.23145
2.36785376,22819.55859
2.369300934,15882.28418
2.370749878,15864.00098
2.372200596,18598.49023
2.373653367,18575.60938
2.375107642,15804.22559
2.376563977,13723.69434
2.378022099,19876.59375
2.379482012,16429.45898
2.380943719,18459.03906
2.382407501,9559.666992
2.383872805,17730.57617
2.385340193,21793.89844
2.386809388,21087.16016
2.388280394,19023.32813
2.389753215,14926.34863
2.391228134,14230.61426
2.392704594,20304.84375
2.39418316,26360.14063
2.395663555,15526.95801
2.397145781,22249.16211
2.398629843,18855.34375
2.400115743,22193.86328
2.40160377,15447.39648
2.403093642,24818.36719
2.404585365,20097.28711
2.40607894,20742.34961
2.407574372,20049.25391
2.409071664,10678.47266
2.410571106,25329.13086
2.412072129,26628.38867
2.413575309,17951.36914
2.415080364,8632.304688
2.416587298,17241.4082
2.4180964,19868.80078
2.419607101,14552.07227
2.421119979,15854.98438
2.422634605,21773.16797
2.424151273,16472.79883
2.42566984,21057.06445
2.427190457,23002.29492
2.428712981,24942.65234
2.430237416,17046.01953
2.431763766,19642.38477
2.433292181,21576.31055
2.434822518,12407.25098
2.436354927,18261.625
2.43788912,16934.83984
2.439425393,15611.55371
2.44096375,19490.25977
2.442503901,20762.27539
2.444046145,18143.13477
2.445590484,17473.57031
2.447136629,18097.00391
2.448684878,23882.61719
2.450235087,16115.82227
2.451787408,18026.17188
2.453341697,18004.06445
2.454897959,19264.96484
2.456456195,14749.48242
2.45801656,25617.98047
2.459578909,17269.72266
2.461143394,25553.59961
2.462709721,14674.32227
2.464278193,19749.89258
2.465848813,20998.56445
2.467421288,19066.46289
2.468995918,22213.91211
2.47057256,29789.54102
2.472151368,25318.36719
2.473732194,17068.00391
2.475315044,21467.1582
2.47689992,18285.45117
2.478486978,18890.42578
2.480076072,28928.40234
2.481667204,18214.25781
2.48326038,17563.82422
2.484855754,22550.02148
2.486453332,21894.20508
2.488052812,21241.72656
2.489654505,21213.28906
