1.254827821,104633.875
1.255191237,90776.86719
1.255554863,104462.4297
1.255918777,107141.2188
1.25628298,126268.3125
1.256647395,109708.7891
1.257012098,106896.1641
1.257377014,98625.04688
1.257742219,98544.58594
1.258107636,98464.25781
1.258473344,103883.6875
1.258839265,103816.0234
1.259205476,98256.02344
1.259571979,95464.57031
1.259938695,98144.25781
1.260305625,144396.3125
1.260672846,100723.1875
1.26104036,146882.2344
1.261408089,114167.7031
1.261776031,122263.1094
1.262144267,95016.59375
1.262512797,119352.8672
1.262881542,105721.6719
1.26325058,100235.2656
1.263619835,108292.5
1.263989384,135256.5
1.264359149,121632.7891
1.26472921,110749.6172
1.265099487,99896.52344
1.26547006,137584.5
1.26584085,118605
1.266211936,129304.1719
1.266583319,110376.4219
1.26695492,156042.0938
1.267326739,180111.1094
1.267698855,153106.2031
1.268071269,158376.9219
1.268443902,126104.1328
1.268816754,123322.4531
1.269189905,136617.9219
1.269563354,168655.5938
1.269937024,139096.8125
1.270310993,136334.9219
1.270685182,141591.1563
1.271059671,146817.3281
1.271434381,144056.2344
1.271809391,127968.5938
1.272184623,130530.8984
1.272560156,119799.2266
1.272935911,125024.4453
1.273311968,114311.5625
1.273688247,180657.2813
1.274064828,148635.3594
1.274441712,148541.3594
1.274818819,113986.4609
1.275196149,164248.7656
1.275573783,116471.6797
1.27595172,169279.8125
1.276329882,134831.0781
1.276708268,121516.6016
1.277086958,145177.2969
1.277465954,179379.0313
1.277845175,147607.875
1.278224701,150125.7969
1.278604453,152687.6719
1.27898443,168350.8594
1.279364795,131421.0938
1.279745305,154979.7656
1.280126203,147007.375
1.280507247,152138.6094
1.28088868,136293.5781
1.281270259,165021.7969
1.281652227,146571.625
1.282034423,159558.8125
1.282416847,141138.75
1.28279958,143662.9063
1.283182542,148794.3594
1.283565814,172154.2656
1.283949314,187658.7813
1.284333125,187513.125
1.284717247,187367.7031
1.285101599,182050.0938
1.28548618,197562.5
1.285871074,181796.4531
1.286256279,168680.4375
1.286641715,181571.6094
1.287027383,165880.0938
1.287413363,150212.7969
1.287799656,160448.4688
1.288186181,181011.8906
1.28857302,209327.5625
1.288960092,170458.1719
1.289347396,170327.0625
1.289735097,183089.8125
1.290122949,195863.0469
1.290511116,175111.3906
1.290899599,185298.2969
1.291288316,162011.75
1.291677349,192723.4219
1.292066617,177196.9844
1.292456202,207854.7656
1.292846021,174362.0156
1.293236159,174228.875
1.293626531,166440.6406
1.294017222,173989.7344
1.294408232,196867.6719
1.294799395,181416.75
1.29519096,206810.9063
1.295582762,178589.5938
1.295974801,170831.8281
1.29636716,165631.6875
1.296759757,188422.2188
1.297152674,223865.8125
1.297545913,165255.2031
1.297939307,177859.3281
1.298333105,167543.6875
1.298727143,190275.3906
1.29912142,215515.0938
1.299516019,212786.6719
1.299910942,197438.5781
1.300306104,209968.1719
1.300701507,182003.8438
1.301097234,214703.9063
1.301493285,217099.0938
1.301889577,221980.9063
1.302286111,211731.6875
1.30268297,211572.7656
1.303080154,206411.3594
1.303477581,198740.4531
1.30387525,221182.7656
1.304273245,210970.9844
1.304671568,200774.4688
1.305070134,225702.4531
1.305469027,192985.6094
1.305868164,182851.1094
1.306267545,210215.7188
1.306667339,185052.0156
1.307067294,209933.875
1.307467577,219734.3438
1.30786819,234576.5781
1.308269049,189516.7031
1.308670237,221769.2344
1.309071672,261482.5156
1.309473438,221440.3438
1.30987545,223795.6719
1.310277709,208752.2031
1.3106803,213532.7188
1.311083223,235704.75
1.311486394,218175.7031
1.311889897,260131.0781
1.312293649,250036.7188
1.312697735,254799.9531
1.313102069,252177.4219
1.313506737,219875.1563
1.313911655,204901.25
1.314316908,263955.625
1.314722411,204600.1875
1.315128249,221692.7656
1.315534337,223991.5938
1.315940762,209069.5469
1.316347438,258111.0156
1.316754366,233358.0625
1.317161716,218427.7656
1.317569232,220720.5781
1.317977172,252454.8281
1.318385279,247372.0938
1.318793811,234920.1719
1.319202509,246975.4844
1.319611633,251719.3438
1.320020924,229590.6719
1.320430556,253793.5156
1.320840527,243819.4375
1.321250754,258260.9531
1.321661321,245935.9688
1.322072143,218991.9375
1.322483307,245579.5313
1.322894727,267269.1875
1.323306489,254899.0938
1.323718507,259566.5313
1.324130869,242445.3125
1.324543487,281033.5
1.324956449,261425.375
1.325369669,297519.8438
1.325783233,278008.625
1.326197055,265691.5938
1.326611222,243777.7031
1.327025648,270172.2813
1.32744042,253068.1875
1.327855451,281787.875
1.328270829,264738.75
1.328686466,278978.9375
1.329102364,266762.7813
1.329518696,290587.3438
1.329935202,271180.875
1.330352056,285334.9688
1.330769259,239606.0625
1.331186724,251442.7188
1.331604537,277546.6563
1.332022614,234278.5938
1.33244104,293876.0313
1.332859729,286504.3438
1.333278769,255284.7188
1.333698072,281328.9063
1.334117639,278746.6875
1.334537558,347541.6563
1.33495783,271137.3125
1.335378366,299508.25
1.335799254,304046.9688
1.336220409,270600.25
1.336641828,284600.7813
1.33706369,317579.75
1.33748573,279462.375
1.337908125,317087.0313
1.338330875,305040.2813
1.338753892,326138.3125
1.339177176,316462.125
1.339600817,294916.5938
1.340024814,325359.1563
1.34044908,358165.2813
1.340873614,310820
1.341298506,296400.625
1.341723756,336155.5
1.342149276,345364.9063
1.342575065,330990.2813
1.343001214,300221.4063
1.343427722,307043.2188
1.343854501,313899.3125
1.344281551,304316.75
1.344708962,311079
1.345136645,343536.8125
1.345564689,305931.9688
1.345993095,303385.4688
1.346421684,298468.875
1.346850725,328553.8125
1.347280039,321340.1563
1.347709628,290867.125
1.348139579,316244.125
1.348569806,325229.875
1.349000396,329647.8125
1.349431262,310904.0313
1.349862492,329192.3125
1.350293998,317337.9375
1.35072587,354154.8125
1.351158019,353910.6563
1.351590534,348995.6875
1.352023326,341826.5313
1.352456485,339283.375
1.352889922,387432.625
1.353323726,352549.6563
1.35375781,343144.1563
1.354192171,329100.4063
1.354626902,333383.0625
1.355062003,360726.2188
1.355497383,312219.6875
1.355933133,346418.6563
1.356369164,318714.375
1.356805475,320744.25
1.357242158,322726.8125
1.357679213,370539.75
1.358116549,374909.8438
1.358554167,370035.25
1.358992158,314957.9375
1.359430432,376273.0313
1.359869079,387411.9375
1.360308101,359772
1.360747406,368630
1.361186995,363832.2813
1.361626959,363536.6563
1.362067208,374643.4688
1.362507833,358458.4375
1.362948744,394438
1.363390031,380579.5625
1.363831604,364476.0313
1.364273555,395849.0938
1.364715792,363886.8125
1.365158408,370417.8125
1.365601311,320511.875
1.366044502,378891.2813
1.366488072,376332.4375
1.366932022,349056.1563
1.367376261,357775.9375
1.367820881,355239.9063
1.36826579,355002.0313
1.368710989,359207.0938
1.36915657,363405.4063
1.369602533,363162.625
1.370048787,331556.6875
1.370495332,380537.25
1.37094226,346682.9063
1.371389481,355345.3125
1.371837085,388609.625
1.372284982,330321.6563
1.372733264,347899.1875
1.37318184,378818.7813
1.373630801,365157.7188
1.374080056,369316.7813
1.374529698,313488.9375
1.374979634,359892.625
1.375429959,357387.125
1.375880578,368242.4688
1.376331586,370167.125
1.376782889,338911.2813
1.377234489,367416.5938
1.377686479,344964.5
1.378138858,355786.5938
1.378591535,322426.4375
1.37904451,353065.1875
1.379497876,350581.8438
1.37995154,376793.2813
1.380405596,365439.9375
1.380860045,376151.0313
1.3813147,367111.5
1.381769842,360280.6563
1.38222519,342436.9688
1.382681026,339930.5313
1.383137069,379158.5
1.383593507,341632.375
1.384050341,345786.5938
1.384507477,373896
1.384965009,316798.5938
1.385422843,331919.4063
1.385880981,344707.4375
1.386339516,370550.4375
1.386798449,344170.375
1.387257686,365715.875
1.387717228,371956.9375
1.388177169,356453.3438
1.388637415,360520.125
1.389098061,360240.3125
1.389559013,364297.8125
1.390020366,338014.4375
1.390482025,350743.1875
1.390944087,385136
1.391406455,354570.0313
1.391869227,362890.7188
1.392332306,373450.625
1.392795694,390418.625
1.393259486,355586.4688
1.393723682,355358.2188
1.394188188,374501.0313
1.394653004,380616.1563
1.395118225,337349.25
1.395583757,365002.125
1.396049696,338977
1.396515946,349480.6563
1.396982603,372731.8125
1.397449572,383148.9688
1.39791695,335800.9688
1.398384641,421033.3125
1.398852741,397220.25
1.399321155,352103.875
1.399789882,405195.25
1.40025902,411227.1563
1.400728569,370461.375
1.401198433,376561.9063
1.401668613,395408.2813
1.402139205,399406.9375
1.402610113,362968.625
1.403081434,411424.5938
1.403553072,368776.5938
1.404025125,385439.6875
1.404497495,421070.25
1.40497028,389036.9063
1.405443384,348644.9063
1.405916806,369495.6875
1.406390645,362841.8438
1.406864901,354136.5
1.407339476,347550.625
1.407814372,368336.8125
1.408289686,397504.5625
1.408765322,348868.5625
1.409241376,384259.125
1.409717752,377676.1875
1.410194549,410939.0625
1.410671668,379205.3125
1.41114911,412468.6875
1.411626973,420476.375
1.412105258,405479
1.412583868,394733.4375
1.413062802,386090.9375
1.413542159,402436.3125
1.41402194,418857.3438
1.414501948,391475.3125
1.414982479,422343.125
1.415463239,415740.6875
1.415944522,432049.1563
1.416426035,433857.7188
1.416907973,392000.7188
1.417390339,424870.8125
1.417873033,412130.0938
1.418356056,378713.5313
1.418839508,401081.9375
1.419323388,345006.1563
1.419807499,421185.3438
1.420292139,385801.6875
1.420777011,406083.25
1.421262413,418091.6875
1.421748047,417835.2188
1.422234112,392798.2813
1.42272061,425337.875
1.423207441,414759.2188
1.423694604,389833.8125
1.424182202,395650.375
1.424670233,411748.5313
1.425158499,405306.0938
1.4256473,404960.2188
1.426136337,404664.25
1.426625809,422749.0938
1.427115717,395862.3125
1.427605962,428146.2188
1.428096644,421722.375
1.428587664,427522.7813
1.429079022,427211.75
1.429570818,441077.75
1.430062953,442734.9063
1.430555527,428259.4375
1.431048441,417757.3438
1.431541796,417404.1563
1.432035491,382680.875
1.432529627,428888.1875
1.433024105,396232.5938
1.433518924,393878.7813
1.434014187,409741.9063
1.434509791,401378.4688
1.43500584,362707.0625
1.435502333,414799.1563
1.435999069,460779.8438
1.43649625,458382.9063
1.436993877,462016.25
1.437491849,461629.3438
1.437990268,449264.375
1.438489032,426947.0625
1.438988143,418579.2188
1.439487702,462198.7813
1.439987609,429877.4063
1.440487965,443556.25
1.440988668,459157.5
1.441489822,458775.375
1.441991325,414596.75
1.442493177,442187.0938
1.442995481,429827.8438
1.443498237,413564.9375
1.444001344,443074.2813
1.444504801,416899.2188
1.445008713,398749
1.445512976,408378.4063
1.446017592,429829.5
1.446522765,455203.4688
1.447028189,431097.7188
1.44753407,436721.4063
1.448040304,404769.8438
1.448546995,430033.2813
1.449054145,451413.75
1.449561547,455035.4375
1.450069407,433011.2188
1.450577727,458221.9375
1.451086404,436231.1875
1.451595541,449617.5938
1.452105035,413985.8125
1.452614888,450895.0313
1.453125202,425061.9688
1.453635875,414977.2188
1.454147012,389212.625
1.454658508,433842.9688
1.455170364,404199.6875
1.455682788,396066.375
1.45619547,450329.6563
1.456708617,469497.0938
1.457222126,439917.7188
1.457736102,455120.4063
1.45825044,448921.2188
1.458765246,413604.9688
1.459280416,403568.9688
1.459796055,432322.5313
1.460311953,488205.375
1.460828427,449044.0938
1.461345265,404246.9688
1.46186247,384594.625
1.462380146,409388.7813
1.462898189,459279.6563
1.463416599,420249.6875
1.463935587,464214.5938
1.464454838,460098.0625
1.464974564,502046.9375
1.465494658,470838.25
1.466015227,428215.5313
1.466536167,466246.9688
1.467057583,465874
1.46757937,488545.1875
1.468101528,453696.9688
1.468624163,437932.5625
1.469147278,468156.9375
1.469670765,504175.875
1.470194625,482783.8438
1.470718859,463227.3125
1.47124368,462911.7188
1.47176877,468307.625
1.47229434,532549.625
1.472820287,516923.75
1.473346716,455696.2188
1.473873628,464874.2188
1.474400811,458818.6563
1.474928477,492500.4063
1.475456629,463720.4375
1.475985159,467137
1.476514068,428973.6563
1.477043464,436139.6563
1.477573347,490561.875
1.478103502,443093.4688
1.478634146,463365.3438
1.479165279,451708.75
1.479696793,457047.4688
1.480228689,477308.7813
1.480761076,497533.8125
1.481293954,463376.0938
1.481827108,494936.3125
1.482360754,472017.25
1.482894892,495924.4063
1.483429416,486241.9063
1.483964325,489600.1875
1.484499728,453640.0938
1.485035627,477536.9375
1.485571803,456763.8438
1.486108476,487969.6563
1.486645646,480093.3438
1.487183204,459318.5938
1.487721151,464536.9375
1.488259596,434421.6563
1.488798541,458150.625
1.489337766,496773.1563
1.489877492,485222.5
1.490417718,475542.5625
1.490958336,484473.7813
1.491499347,491437
1.49204086,457778.5938
1.492582766,514604.5938
1.493125176,519738
1.49366798,504550.2188
1.494211289,518826.0625
1.494754993,507453.3125
1.495299093,492366.8438
1.4958437,493771.4688
1.496388703,550192.9375
1.496934214,503902.8438
1.497480123,503572.8438
1.49802643,479349.0313
1.498573247,466135.3438
1.499120463,507791.625
1.499668189,523774.7188
1.500216316,523376.1875
1.500764954,535675.6875
1.501313994,487932.0625
1.501863435,505754.2813
1.502413391,501680.5625
1.502963749,503062.2188
1.503514621,502681.3125
1.504065898,531257.375
1.50461769,539856.4375
1.505169888,510485
1.505722491,506427.4063
1.506275611,549420.8125
1.506829138,547200.9375
1.507383073,517859.875
1.507937526,495780.625
1.508492499,502559.9375
1.509047882,494982.7813
1.509603673,512542.25
1.510159986,528274.75
1.510716709,529674.5
1.511273843,541779.1875
1.5118315,498297.6563
1.512389682,492551.9688
1.512948164,497500.375
1.513507283,500652.2813
1.514066703,530653.1875
1.51462665,478380.0313
1.515187124,470839.2813
1.515748013,534703.5625
1.516309317,557400.3125
1.516871038,542635.3125
1.517433401,567122.1875
1.517996068,509853.9688
1.518559266,534272.3125
1.519122882,551497.125
1.51968703,542172.125
1.520251598,541771.625
1.520816699,537776.625
1.52138222,509043.2188
1.521948162,528096.375
1.522514639,536475.625
1.523081538,564177.0625
1.523648974,544325.875
1.524216833,535124.6875
1.524785115,561116.8125
1.525353935,504406.125
1.52592318,537292.3125
1.526492965,545614.8125
1.527063176,529382.4375
1.527633927,541144
1.528205106,526748.9375
1.528776711,564836.4375
1.52934886,550387.75
1.529921437,570879.25
1.530494443,539006
1.531067994,583812.9375
1.53164209,572880.5625
1.532216501,556746.75
1.532791575,556342.9375
1.533366964,559356.3125
1.533942902,536218.4375
1.534519389,532417.3125
1.535096192,580496.5
1.535673662,557451.625
1.536251451,529315.1875
1.53682979,566844.5625
1.537408682,585432.4375
1.537987893,571146.625
1.538567774,563780.6875
1.539147976,559872.1875
1.539728732,550749.8125
1.540310044,615646.125
1.540891794,558438.6875
1.541473984,597469.4375
1.542056732,643232.375
1.54263992,541642.875
1.543223549,560039.75
1.543807738,573214.4375
1.544392369,569327.75
1.54497756,550016.625
1.545563195,624665.4375
1.546149392,573055.25
1.546735916,589571.0625
1.547323121,578818.1875
1.547910654,585152.8125
1.548498869,606774
1.549087414,597791.25
1.549676524,604095.1875
1.550266083,552685.1875
1.550856208,601303.5625
1.551446783,589030.5625
1.552037808,585173.0625
1.552629403,609927
1.553221567,557102.1875
1.553814064,563458.0625
1.554407132,611765.875
1.555000772,552280.875
1.555594866,641071.0625
1.556189414,603569.5625
1.556784536,609744.625
1.557380113,604221.4375
1.557976146,602001.0625
1.558572756,588057
1.559169941,606002
1.559767465,595482.4375
1.560365567,573222.9375
1.560964248,596085.375
1.561563389,598947.9375
1.562162989,571799
1.56276305,581281.5
1.563363813,574106.25
1.563964918,565337.3125
1.564566605,596456.75
1.565168756,639084.625
1.565771491,620272.6875
1.56637469,639668.625
1.566978354,596052.25
1.567582605,600486.0625
1.568187322,591748.125
1.568792627,606087.0625
1.569398399,607260.3125
1.57000464,631453.8125
1.57061147,566653.125
1.57121877,618818.25
1.571826661,590318.5625
1.572435022,571838.5
1.573043855,615602.375
1.573653281,595378.75
1.57426318,585137.375
1.574873551,617375.375
1.575484519,554659.25
1.57609596,588502.1875
1.576707999,614119.25
1.577320513,584151.25
1.577933626,598312.9375
1.578547216,593018.6875
1.579161283,630000.25
1.579775828,587161.875
1.580390974,602783.9375
1.581006723,620115.75
1.581622951,587251.25
1.582239661,611053.0625
1.582856851,610522.25
1.583474647,590519.1875
1.584093048,604613.5
1.584711809,545941.9375
1.585331302,571235.375
1.585951154,583751.625
1.586571616,612248.375
1.587192563,595564.625
1.587814121,574143.625
1.588436166,653991.6875
1.589058698,565127.25
1.589681843,564695
1.590305476,580182.6875
1.590929724,597299
1.591554462,614444.5625
1.592179691,599471.75
1.592805537,563819.25
1.593431874,588814.25
1.594058829,605848.3125
1.594686278,584677.4375
1.595314221,603279.375
1.595942785,572546.9375
1.596571843,583182.25
1.597201398,600093.4375
1.597831575,578962.25
1.59846225,575300.3125
1.599093548,615924.625
1.599725346,572741.625
1.600357642,591225.75
1.600990565,555923.9375
1.601623989,569655.3125
1.602257915,584940.0625
1.602892468,579719.75
1.603527525,601266.1875
1.604163212,566107.1875
1.604799403,579770.8125
1.605436098,612249.875
1.606073426,563057
1.606711261,560964.1875
1.607349729,563624.25
1.607988705,544430.375
1.608628189,548612.125
1.60926831,574647.75
1.60990894,597625.875
1.61055008,553420.5
1.611191859,582498.9375
1.61183415,617862.25
1.612476953,590856.5625
1.613120397,584041.5625
1.613764483,630173.875
1.614408955,611039.3125
1.615054071,615066.4375
1.615699831,586691.75
1.616346107,573831.1875
1.616992901,596537
1.617640213,594498.6875
1.618288172,586238.375
1.61893665,584158.4375
1.619585777,631359.1875
1.620235425,640011.1875
1.620885724,590346.4375
1.621536416,597540.5
1.622187759,556990.0625
1.622839756,562664.5625
1.623492277,572977.6875
1.624145323,615256.4375
1.624799025,593288.375
1.625453253,554606.0625
1.626108008,581577.5625
1.626763422,568900.125
1.627419363,583621.5625
1.628075965,570964.3125
1.628732965,543065.1875
1.629390758,559240.5625
1.630048952,578524.6875
1.630707808,578001.5625
1.631367328,521445.8125
1.632027251,587664.5
1.632687839,593133.875
1.633349093,578941.6875
1.634010883,558837.75
1.63467321,603714.125
1.635336074,566981.25
1.635999607,549801
1.636663811,565913.0625
1.637328423,581999.1875
1.637993706,582876.0625
1.638659663,577851.875
1.639326161,563940.0625
1.639993202,552996.25
1.640660786,567425
1.641329046,586364.875
1.641997851,563425.125
1.642667334,570338.75
1.643337363,544521.0625
1.644007939,517208.0625
1.644679195,591156
1.645351,598123.5
1.646023354,567862.5
1.646696391,556963.1875
1.647369979,596536.4375
1.648044252,535174.9375
1.648719077,562844.6875
1.649394455,587557.75
1.650070386,553030.0625
1.650747006,549539.875
1.651424315,614052.625
1.652102046,548622.0625
1.652780467,586348.0625
1.653459581,572535.9375
1.654139253,541200.5
1.654819484,555468.8125
1.655500275,575487.3125
1.656181761,542714.625
1.656863809,539309.5
1.657546553,572466.3125
1.658229861,531007.875
1.658913732,558266.25
1.659598303,559240.5625
1.66028344,542753.6875
1.660969142,540777.3125
1.661655547,543173.5
1.662342519,551480.0625
1.66303006,536417.375
1.663718306,517026.4063
1.664407122,570268.625
1.665096644,534934.125
1.665786739,537369.1875
1.666477406,518136.9375
1.667168645,553794.1875
1.667860595,576333.125
1.668553257,538360.4375
1.669246358,533571.4375
1.669940171,498404.4688
1.670634699,539761.125
1.671329668,500511.875
1.672025352,537307.625
1.672721754,515272.5313
1.673418736,497665.75
1.674116299,513003.3438
1.674814444,541154.3125
1.67551331,519192.625
1.676212759,514419.375
1.676912931,545345.1875
1.677613688,559145.4375
1.678315031,560143.25
1.67901696,552500.4375
1.679719616,516331.4375
1.680422999,531527.1875
1.681126832,528282.0625
1.681831395,493656.125
1.682536688,558437.375
1.683242433,497113.1875
1.683948909,529106.875
1.684656119,544164.125
1.685363923,481568.25
1.686072322,548892.9375
1.686781317,496225.5313
1.687491049,516850.3438
1.688201378,513602.5938
1.688912446,511723.375
1.689624113,544961.0625
1.69033638,527664.875
1.691049248,489323.7813
1.691762858,507042.25
1.692477071,479988.75
1.693192028,522889.9063
1.693907589,523851.4688
1.694623756,494063.25
1.69534067,482416.4063
1.696058191,525202.25
1.696776319,510762.1875
1.697495198,501953.8438
1.698214686,522377.7188
1.698934784,498264.4375
1.699655635,479784.8438
1.700377098,490472.75
1.701099174,477529.875
1.701822006,508903.3438
1.702545453,491862.7188
1.703269658,516222.0313
1.703994336,514376.25
1.704719917,487733.8125
1.705445974,476281.3125
1.706172792,495105.9688
1.70690023,468591.25
1.707628289,487350.5938
1.708357112,470414.875
1.709086559,472694.125
1.709816772,498278.9375
1.710547609,455471.4688
1.711279072,453659.8438
1.71201116,451888.5625
1.712744019,473269.9688
1.713477651,478258.9688
1.714211767,458810.5
1.714946656,454320.5938
1.715682177,472865.5625
1.716418473,475121.4063
1.717155402,457104.1875
1.717892963,447211.75
1.718631304,475248.4063
1.719370135,447699
1.720109892,452707.8125
1.72085014,436140.0938
1.721591172,434300.4688
1.722332988,455477.8438
1.723075297,449690.25
1.723818393,470778.9375
1.72456213,452893.4375
1.725306656,410837.7188
1.726051825,448036.3125
1.726797637,446266.7188
1.727544242,456513.7813
1.728291492,419998.875
1.729039389,434331.3125
1.729788081,448602.9375
1.730537422,450878.5
1.731287412,425093.875
1.7320382,420695.1563
1.73278964,413710.2813
1.733541732,405310.9688
1.734294625,428823.3438
1.735048172,428450.4063
1.735802375,429369.5
1.736557382,426348.625
1.737312897,417975.4375
1.738069368,416258.9063
1.738826349,414610.875
1.739584138,412835.5938
1.740342737,416399.6563
1.741101849,406824.125
1.741861773,422192.4063
1.74262251,419200.4375
1.743383762,410929.5313
1.744145829,452516.5625
1.744908563,438988.3125
1.745672115,407125
1.746436334,405467.9063
1.747201223,394635.0313
1.747966933,413817.0938
1.748733315,399084.9063
1.749500368,415684.0313
1.750268095,397070.75
1.751036647,387536.6563
1.751806025,402798.7188
1.752575928,390741.4063
1.75334666,381270.875
1.75411807,379621.9375
1.754890311,384418.5313
1.755663232,362107.5
1.756436834,394104.3438
1.757211118,369183.9375
1.757986237,359788.0938
1.75876204,371023.4375
1.759538681,366792.4688
1.760316008,376770.4688
1.761094022,366146.4688
1.761872724,370916.125
1.762652268,351341.875
1.763432502,367646.0938
1.76421358,332754.3125
1.764995198,354187.0938
1.765777661,364027.9063
1.766560973,356065.9688
1.767344825,337864.75
1.768129682,336257.5938
1.768915082,361402.4063
1.769701334,350876.0938
1.770488286,342962.4688
1.771275937,343868.2188
1.772064444,329586.4063
1.772853654,315356.4375
1.773643567,320132.4063
1.774434184,340070.1563
1.775225662,342211.7813
1.776018001,324240.0625
1.776810892,325208.25
1.777604647,351335.5313
1.778399112,358541.2813
1.779194443,338083.0938
1.779990486,296341.8125
1.780787241,365049.3438
1.78158471,329603.9375
1.78238305,302991.5
1.783182105,317707.6563
1.783982034,313674.5938
1.784782525,310897.2813
1.785583891,316786.5625
1.786386134,311519.9063
1.787188941,314977.4063
1.787992627,319601.5625
1.788797194,306892.7188
1.789602327,310321.4063
1.790408344,306257.6563
1.791215245,309725.5938
1.792022715,310689.1875
1.792831072,321497.3438
1.793640159,313754.4375
1.794450134,272730.0313
1.795260842,319342.9063
1.796072282,291938.3438
1.796884457,307635.625
1.797697525,298715.0938
1.798511329,262854.0938
1.799325871,267493.0938
1.80014131,263542.1563
1.800957489,287805.375
1.801774408,297277.5
1.802592228,282329.5
1.803410791,294294.2813
1.804230098,275696.2813
1.80505031,280290.5313
1.805871269,272721.0625
1.806692974,268834.4375
1.807515427,258840.1406
1.808338791,268289.7813
1.809162905,257103.5
1.809987932,260496.9688
1.81081355,240867.6094
1.811640245,240624.5781
1.812467533,230751.6563
1.81329574,238984.7969
1.814124541,241155.9063
1.814954425,256572.875
1.815784905,255130.1719
1.816616309,247660.7969
1.817448475,252216.7188
1.818281566,238766.0781
1.819115421,246935.2969
1.819950041,228742.1094
1.820785428,233282.7344
1.821621745,237830.5938
1.82245883,240015.6875
1.823296686,214725.4531
1.824135476,222838.2344
1.824975038,232157.0469
1.825815373,234288.7656
1.826656647,216250.2344
1.827498532,220799.7031
1.828341522,215822.2656
1.829185126,228640.2188
1.830029674,204744.5313
1.830875001,199841.375
1.83172111,196086.5938
1.832568167,204139.7031
1.833416008,203953.2344
1.834264633,199027.7656
1.83511421,207082.5469
1.835964409,183370.3906
1.836815728,180829.4531
1.83766767,195916.0313
1.83852057,195710.75
1.839374262,192007.2188
1.840228747,205855.4063
1.841084192,189295.7969
1.841940434,184441.9844
1.842797473,199409.4688
1.843655476,157286.4063
1.844514112,196708.0313
1.845373715,190676.6094
1.846234288,197461
1.847095664,177542.8125
1.847957844,171574.625
1.848820829,156341.8281
1.849684789,164278.3594
1.850549557,166442.9219
1.851415133,162818.3281
1.85228152,166111.0469
1.853148888,156731.7813
1.854017067,180746.7813
1.854886231,184011.1406
1.85575604,160855.375
1.856626834,169860.9844
1.857498616,160536.5469
1.858371048,174130.2031
1.859244469,161352.3906
1.860118712,126892.2734
1.860993948,150765.375
1.861869837,159750.4063
1.862746722,168683.9688
1.863624604,160552.9688
1.864503143,142199.0781
1.865382682,148873.2188
1.866263051,139630.3906
1.867144423,147427.2031
1.868026628,158617.6563
1.868909667,150544.4375
1.869793541,139084.5625
1.870678424,134416.5313
1.871564145,128647.5156
1.872450705,119507.0859
1.873338105,146407.875
1.87422652,142885.3594
1.875115778,148361.5313
1.876006054,125756.1328
1.876897001,133481.8906
1.877788969,116524.0078
1.878681959,123139.6406
1.879575625,138682.4063
1.880470315,130705.4375
1.881365858,121654.9063
1.882262254,130453.5313
1.883159679,121396.4766
1.88405796,127959.9297
1.884957099,103377.7969
1.885857271,117695.8906
1.886758304,120914.875
1.887660198,130777.6094
1.888562954,112918.25
1.889466751,121646.1484
1.890371412,119324.2891
1.891276941,94917.47656
1.892183513,119089.0156
1.893090779,98035.07813
1.893999268,92424.32813
1.894908453,101127.1641
1.895818689,108707.6641
1.896729799,91055.3125
1.897641785,101925.8594
1.898554649,109483.2656
1.899468569,100619.5469
1.900383369,91780.27344
1.901299051,93861.60156
1.902215794,98125.125
1.903133421,90410.91406
1.904051934,94663.58594
1.904971513,97832.67188
1.905891802,92307.8125
1.906813159,95454.51563
1.907735586,100780.3281
1.908658728,71452.29688
1.909582942,91926.98438
1.910508052,81023.25781
1.911434239,93896.28906
1.912361144,76559.05469
1.913289128,89389.45313
1.914218195,73159.59375
1.915147983,77393.61719
1.916078856,77309.41406
1.917010634,91174.69531
1.917943318,83580.6875
1.918877092,81354.46094
1.919811776,66300.42969
1.920747371,72637.89063
1.921684059,74702.95313
1.92262148,78891.39844
1.923559998,63892.92188
1.924499615,67023.75781
1.925439968,62704.66016
1.926381423,65822.14844
1.9273238,81669.34375
1.928267098,78403.15625
1.929211504,59268.48828
1.930156835,72953.60938
1.931103093,71819.36719
1.932050463,69641.27344
1.93299858,55867.83594
1.933947811,54748.36719
1.934898159,73625.79688
1.935849258,49388.02344
1.936801476,62981.47656
1.937754632,63959.13672
1.938708911,61804.17969
1.939663946,62788.98047
1.940620107,59582.63672
1.941577211,39679.73047
1.942535446,51115.06641
1.943494441,46895.75391
1.94445457,47881.37109
1.945415834,50953.48828
1.946377862,47786.49609
1.947341029,44623.01563
1.94830515,51835.92578
1.949270226,40387.10156
1.950236445,42413.73047
1.951203623,40302.51953
1.952171761,46457.125
1.95314086,51565.08594
1.95411111,42236.63672
1.955082324,45282.63281
1.956054504,39066.98828
1.957027651,43131.73047
1.958001956,47190.41016
1.958977231,47144.28516
1.959953479,44018.56641
1.960930889,42947.71094
1.961909275,44951.74219
1.962888637,48987.55078
1.963868978,38741.75
1.964850298,38699.41797
1.96583279,24415.06055
1.966816265,36584.87891
1.967800915,36547.24609
1.96878636,34481.37109
1.969772984,38496.11719
1.970760598,27321.16016
1.971749393,41447.69141
1.97273899,29288.42188
1.973729772,37325.29688
1.974721551,34259.78125
1.975714518,33220.21484
1.976708292,25142.69336
1.977703259,35155.51563
1.978699421,25085.55078
1.979696394,34083.73047
1.980694565,31041.10352
1.981693744,27008.39648
1.982693931,28979.64453
1.983695128,31941.39258
1.98469753,22933.31641
1.985700947,25896.91406
1.986705572,29849.15625
1.987711021,29819.09375
1.988717682,22836.95117
1.989725363,31739.33789
1.990734066,16842.60547
1.991743987,23752.54688
1.992754934,26694.8457
1.993766908,14814.75488
1.994779909,22693.24609
1.995793941,24639.04102
1.996809201,25596.03516
1.997825493,28517.62891
1.998843018,18665.36523
1.999861383,23553.85742
2.000880983,26467.125
2.001901623,23500.24414
2.002923503,20541.13477
2.003946228,17588.22852
2.004970197,18545.91016
2.005995212,21454.24023
2.007021276,27273.69141
2.008048589,15565.08496
2.009076954,14578.74219
2.010106373,17478.28906
2.011136847,25214.3125
2.012168577,11623.9375
2.013201367,13548.74414
2.014235218,17401.74609
2.015270131,26072.57031
2.016306308,13505.11914
2.017343551,21200.38867
2.018381862,20213.51367
2.019421242,17307.99414
2.020461894,15367.26953
2.021503619,22065.18555
2.022546419,14377.18457
2.023590296,14360.77637
2.024635452,15302.44336
2.025681487,14331.33496
2.026728805,8588.041016
2.027777409,20971.51953
2.028826896,15236.43164
2.029877673,22828.73242
2.030929539,16152.03711
2.031982699,15186.43652
2.033036748,9480.795898
2.034092095,17993.17578
2.035148538,15138.47559
2.036206079,14176.33203
2.037264924,12270.94629
2.038324871,9428.580078
2.039385921,14128.57813
2.040448077,14115.89844
2.04151134,11280.06445
2.042575916,10327.3291
2.043641604,10315.78418
2.044708404,13114.51855
2.045776524,9359.152344
2.046845555,5609.23291
2.04791591,13070.73047
2.048987592,11192.27246
2.050060189,12112.84082
2.051134117,12099.40137
2.05220917,5578.149902
2.053285351,8357.961914
2.054362662,6493.44873
2.055441311,10192.71973
2.056521094,8331.214844
2.057602012,7397.361328
2.058684066,4617.751953
2.059767468,7381.089355
2.060851802,4608.112305
2.061937488,8284.59082
2.063024527,8276.416992
2.064112504,11941.73242
2.065201839,3669.95874
2.066292324,6415.411133
2.067383961,10985.84473
2.068476963,10059.37988
2.06957091,4567.46582
2.070666227,9124.995117
2.071762914,14584.12793
2.072860552,7283.358398
2.073959566,9094.328125
2.075059746,8176.03125
2.076161093,9074.651367
2.077263611,2719.453613
2.078367512,8149.554199
2.079472375,904.5296631
2.080578626,6323.525391
2.081686268,6316.722656
2.082794876,9014.193359
2.08390488,8104.06543
2.085016067,8095.375488
2.08612844,1796.852905
2.087242215,8974.652344
2.088356965,0
2.089473122,10745.44141
2.090590472,7155.226074
2.091709233,11614.8584
2.092828977,11602.50098
2.093950136,7131.653809
2.095072497,6232.911133
2.096196062,6226.302246
2.097321049,12438.09668
2.098447244,6212.46875
2.099574649,7979.018555
2.100703267,4427.640625
2.101833098,3538.00415
2.102964363,4417.381836
2.104096847,6177.828125
2.10523055,5289.71582
2.106365477,7044.810547
2.107501846,2638.756836
2.108639223,3514.289063
2.109778048,4387.806152
2.110918322,1753.28833
2.112059611,10507.65137
2.113202354,874.6333008
2.114346334,6115.419434
2.115491553,5236.334473
2.116638014,6973.798828
2.117785939,4353.195801
2.118935109,2609.209229
2.120085528,6081.219727
2.121237196,4339.234375
2.122390116,3467.44165
2.123544512,7792.081055
2.124700165,2594.414795
2.125857076,2591.476074
2.127015247,8628.479492
2.128174904,5171.236816
2.129335827,4304.940918
2.130498017,5160.103516
2.131661476,2577.145264
2.132826206,5147.964355
2.133992434,5141.653809
2.135159938,3424.270996
2.136328721,4275.539063
2.137498783,5124.378906
2.138670354,5971.753906
2.139843209,1704.308838
2.141017351,6809.625977
2.142192783,4251.702148
2.143369505,4246.536621
2.144547748,4240.95459
2.145727287,5084.004883
2.146908124,2539.181152
2.148090262,5917.59082
2.149273929,4222.17041
2.150458902,10122.00098
2.151644954,5897.384277
2.152832771,6731.754883
2.154021672,0
2.155212116,4198.502441
2.156403648,4193.465332
2.157596726,5025.626465
2.158791355,0
2.159987078,5850.379395
2.161184357,5842.811523
2.162382963,2501.572998
2.1635829,-2498.840576
2.164784169,3327.822266
2.165986773,3323.866455
2.167190944,4149.899902
2.168396456,-829.0776978
2.169603309,828.0955811
2.170811739,5789.810059
2.172021283,6609.757324
2.173232408,1650.488525
2.174444885,5769.898438
2.175658716,3293.20166
2.176874135,4112.062988
2.17809068,4928.676758
2.179308819,4102.008789
2.180528322,2458.800537
2.18174919,818.5604858
2.18297166,5723.22168
2.184195266,8984.001953
2.18542048,-815.6950684
2.18664707,2444.233154
2.187875272,-1627.749634
2.189104619,2438.785156
2.190335585,2435.716553
2.191567936,2432.890869
2.192801674,5670.715332
2.194036802,4854.518555
2.19527356,1616.302124
2.196511475,4036.477783
2.197751024,-1612.573608
2.198991974,0
2.200234564,804.4311523
2.201478321,-1607.013062
2.202723723,-1605.014404
2.203970536,4809.521973
2.20521876,800.6688843
2.206468399,1599.353271
2.207719696,5590.808105
2.208972412,3989.256348
2.210226551,2390.824951
2.211482114,-796.0341797
2.212739105,-1589.956055
2.213997767,-2381.999512
2.215257862,793.1739502
2.216519392,-1584.550049
2.217782359,2373.9104
2.219046767,2371.00293
2.22031286,-789.3674316
2.221580398,788.5512085
2.222849142,3150.35498
2.224119822,2359.885986
2.225391712,3928.722412
2.226665302,7063.099609
2.227940106,2351.726318
2.229216615,2348.653564
2.230494832,3127.743408
2.231774271,2343.404785
2.233055179,3120.761963
2.234337804,3895.879639
2.235621903,1556.616821
2.236907478,1554.741577
2.23819478,776.4354248
2.239483317,0
2.240773586,3098.2854
2.242065343,773.7140503
2.24335859,6182.869141
2.244653329,-771.8630981
2.245949813,7708.700684
2.247247795,0
2.248547029,1538.065308
2.249848264,768.1171875
2.251150757,2302.032959
2.252454759,3065.451416
2.253760523,-765.3839111
2.255067801,764.546875
2.256376597,3054.568115
2.257686913,0
2.258999003,6855.927246
2.260312367,760.9404907
2.261627511,4559.438965
2.262944187,1518.025391
2.264262396,3790.604492
2.265582395,5300.618652
2.266903681,0
2.268226762,-755.3901978
2.269551389,754.506897
2.270877563,753.4903564
2.272205543,752.6790771
2.273534822,0
2.274865912,-750.7927856
2.276198561,-2249.760742
2.277532773,1498.233276
2.27886855,4488.687012
2.28020615,3735.907959
2.281545066,2239.151611
2.282885811,3727.276367
2.284228133,0
2.285572035,-2230.814941
2.286917776,0
2.288265103,0
2.289613761,1481.824463
2.290964267,739.9971924
2.292316368,5173.59082
2.293670324,4429.433105
2.295025622,737.3952026
2.296382781,2945.438232
2.297741547,0
2.299101922,4408.09668
2.300463908,-1467.437744
2.30182777,-732.8215332
2.303192989,3659.631836
2.30456009,0
2.305928815,2190.618408
2.307299166,0
2.30867141,728.3674316
2.310045024,-1455.092407
2.311420536,-1453.07605
2.312797688,-2176.974365
2.314176482,2899.37207
2.31555692,2171.901611
2.316939007,-1446.187012
2.318323009,0
2.319708665,2163.685303
2.321095979,-2161.083984
2.322484953,-719.4963379
2.323875591,-5748.575195
2.325268161,-2871.090332
2.326662134,-1433.827515
2.328058047,715.9348145
2.329455635,2145.05835
2.33085517,3570.835938
2.33225612,1426.634033
2.333659024,3562.041504
2.335063347,0
2.336469631,0
2.337877609,2129.268555
2.339287555,708.8565063
2.340698932,-1416.037842
2.342112284,2828.733154
2.343527073,2119.048828
2.344943844,1410.679932
2.346362599,2817.805908
2.347782801,2814.73291
2.349204723,2108.396729
2.35062864,701.8580933
2.352054285,1401.956665
2.35348166,1400.318481
2.354910768,2098.026123
2.356341614,2095.231445
2.357774472,5579.850586
2.359209074,1393.456421
2.360645149,-1391.722656
2.362083248,3474.119141
2.363523375,-694.019043
2.364964984,4159.296387
2.366408628,2077.07373
2.36785376,0
2.369300934,690.5340576
2.370749878,689.7391968
2.372200596,2066.499023
2.373653367,-1375.971191
2.375107642,-2748.561035
2.376563977,-686.1846924
2.378022099,685.3997803
2.379482012,1369.121582
2.380943719,1367.336304
2.382407501,2048.500244
2.383872805,-2045.835571
2.385340193,681.0593262
2.386809388,-680.230957
2.388280394,3397.022705
2.389753215,678.4703979
2.391228134,2032.944824
2.392704594,-676.828125
2.39418316,675.901062
2.395663555,-2700.340576
2.397145781,674.21698
2.398629843,0
2.400115743,7397.95459
2.40160377,3358.129639
2.403093642,-1341.533325
2.404585365,-3349.548096
2.40607894,2676.432373
2.407574372,2004.925415
2.409071664,3337.022949
2.410571106,3332.780273
2.412072129,-3328.548584
2.413575309,1994.596558
2.415080364,2656.09375
2.416587298,1989.393188
2.4180964,3311.467041
2.419607101,661.4578247
2.421119979,0
2.422634605,1979.378906
2.424151273,1976.73584
2.42566984,-658.0332642
2.427190457,1971.625244
2.428712981,1312.77124
2.430237416,655.6160889
2.431763766,-1309.49231
2.433292181,3269.137939
2.434822518,-653.0132446
2.436354927,2608.803711
2.43788912,2605.360107
2.439425393,1300.962769
2.44096375,-1949.026001
2.442503901,1946.463257
2.444046145,0
2.445590484,647.1692505
2.447136629,1292.643188
2.448684878,-645.4761353
2.450235087,1289.265869
2.451787408,1931.37561
2.453341697,643.0023193
2.454897959,4495.158691
2.456456195,-1923.845581
2.45801656,1280.899048
2.459578909,-1918.858154
2.461143394,1277.680054
2.462709721,2552.055908
2.464278193,-1274.186646
2.465848813,-1272.640259
2.467421288,2542.195068
2.468995918,0
2.47057256,1267.640015
2.472151368,2531.83667
2.473732194,-3160.741455
2.475315044,631.3870239
2.47689992,1261.065552
2.478486978,-1259.361694
2.480076072,628.8783569
2.481667204,1256.155762
2.48326038,1254.558838
2.484855754,3758.336914
2.486453332,2502.194824
2.488052812,1249.513428
2.489654505,-623.9202881
